n_estimators,min_samples_split,n_jobs,max_depth,spa,bias,var,loss
3,2,0,3,0,0.33985185185185185,6.4938271604939174e-06,0.11550577503429355
3,1,0,3,0,0.33999999999999997,8.532235939643352e-06,0.11560853223593963
1,3,0,2,0,0.34011111111111103,2.0803840877914883e-05,0.11569637174211242
2,4,0,3,0,0.34018518518518515,1.5816186556927437e-05,0.11574177640603564
3,4,0,2,0,0.3404074074074075,1.1733882030178183e-05,0.11588893689986289
3,0,0,3,0,0.3404444444444443,9.445816186556913e-06,0.1159118655692729
4,2,0,3,0,0.34044444444444444,1.4054869684499419e-05,0.11591647462277092
3,2,0,2,0,0.34059259259259256,1.2227709190672237e-05,0.11601554183813441
4,1,0,2,0,0.34059259259259256,1.2364883401920509e-05,0.11601567901234566
4,2,0,2,0,0.3406666666666667,9.994513031550035e-06,0.11606377229080933
4,1,0,3,0,0.3407407407407408,5.006858710562455e-06,0.11610925925925929
4,3,0,3,0,0.34099999999999997,1.1434842249657084e-05,0.11629243484224965
4,0,0,2,0,0.3411481481481482,1.1075445816186591e-05,0.11639313443072706
3,4,0,3,0,0.3412962962962963,2.0960219478737972e-05,0.11650412208504803
2,3,0,3,0,0.3413333333333334,3.4211248285322992e-06,0.116511865569273
4,4,0,3,0,0.34144444444444444,9.59396433470503e-06,0.11659390260631002
3,3,0,2,0,0.3414814814814815,2.8820301783264487e-05,0.11663842249657065
4,3,0,2,0,0.3415555555555556,1.4932784636488224e-05,0.11667513031550072
3,0,0,2,0,0.3416296296296295,8.52400548696866e-06,0.1167193278463648
2,0,0,2,0,0.3417407407407407,1.5454046639231825e-05,0.11680218792866937
2,4,0,2,0,0.34177777777777774,1.908916323731145e-05,0.11683113854595334
2,2,0,3,0,0.3418148148148148,6.219478737997316e-06,0.11684358710562413
3,1,0,2,0,0.34185185185185185,6.556927297667961e-06,0.11686924554183814
4,0,0,3,0,0.34199999999999997,5.20438957475992e-06,0.11696920438957474
3,3,0,3,0,0.34218518518518526,2.0746227709190775e-05,0.11711144718792872
4,4,0,2,0,0.3422222222222222,1.4910836762688879e-05,0.11713096021947873
0,3,0,2,0,0.3422962962962963,1.3314128943758542e-05,0.11718006858710564
2,1,0,2,0,0.34244444444444444,1.5711934156378746e-05,0.11728390946502057
2,3,0,2,0,0.34251851851851856,1.6043895747599465e-05,0.11733497942386834
2,2,0,2,0,0.3425555555555555,2.062277091906714e-05,0.11736493141289434
1,1,0,3,0,0.34259259259259256,5.761316872427992e-06,0.11737544581618653
2,0,0,3,0,0.3428148148148148,8.112482853223625e-06,0.11753010973936898
1,4,0,3,0,0.3428148148148148,1.2392318244170282e-05,0.11753438957475992
1,2,0,3,0,0.34292592592592597,5.451303155006907e-06,0.11760364197530866
1,2,0,2,0,0.34292592592592597,2.187105624142661e-05,0.11762006172839508
2,1,0,3,0,0.34299999999999997,4.449931412894335e-06,0.11765344993141287
1,4,0,2,0,0.34311111111111114,2.6631001371741902e-05,0.11775186556927299
1,0,0,2,0,0.34385185185185185,1.4299039780521301e-05,0.11824839506172839
4,3,0,3,1,0.344,1.7333333333333322e-05,0.11835333333333331
1,1,0,2,0,0.344,3.2545953360768064e-05,0.11836854595336076
0,1,0,3,0,0.3443333333333334,2.113305898491068e-05,0.11858657750342938
1,3,0,3,0,0.3444074074074074,1.3681755829904096e-05,0.1186301440329218
0,4,0,3,0,0.3445555555555555,2.7936899862825745e-05,0.11874646776406032
3,3,0,3,1,0.3448148148148148,2.006858710562431e-05,0.11891732510288065
4,4,0,2,1,0.3448148148148148,3.3004115226337516e-05,0.11893026063100136
4,0,0,3,1,0.3449629629629629,2.021124828532231e-05,0.11901965706447186
3,0,0,2,1,0.3449629629629629,2.2515775034293698e-05,0.11902196159122082
0,4,0,2,0,0.345,1.8477366255144038e-05,0.11904347736625512
4,1,0,3,1,0.34503703703703703,1.1034293552811955e-05,0.11906159122085047
3,2,0,2,1,0.34503703703703703,3.722085048010962e-05,0.11908777777777776
0,1,0,1,0,0.3450740740740741,2.3670781893004124e-05,0.11909978737997257
1,0,0,3,0,0.3451481481481482,1.733058984910835e-05,0.11914457475994517
2,3,0,2,1,0.3451481481481481,1.984087791495214e-05,0.11914708504801094
3,4,0,2,1,0.34518518518518515,2.7270233196159345e-05,0.11918008230452672
3,3,0,1,0,0.3452222222222223,2.701508916323743e-05,0.11920539780521269
4,2,0,3,1,0.34533333333333327,2.269410150891641e-05,0.11927780521261998
4,1,0,1,0,0.3454074074074074,2.1253772290809457e-05,0.11932753086419752
2,1,0,1,0,0.34544444444444444,1.486419753086405e-05,0.11934672839506173
4,3,0,1,0,0.34544444444444455,1.821124828532218e-05,0.11935007544581627
4,1,0,2,1,0.3454814814814815,1.5975308641975437e-05,0.11937342935528122
4,0,0,2,1,0.3454814814814815,2.7799725651577485e-05,0.11938525377229083
3,3,0,2,1,0.3454814814814815,3.512482853223593e-05,0.11939257887517149
4,3,0,2,1,0.3455555555555556,2.614540466392301e-05,0.1194347873799726
0,0,0,2,0,0.3455555555555556,2.8395061728395116e-05,0.11943703703703708
4,0,0,1,0,0.3458888888888889,1.8729766803840808e-05,0.11965785322359397
3,0,0,1,0,0.3458888888888889,2.7481481481481583e-05,0.11966660493827161
1,2,0,1,0,0.3459629629629629,4.4362139917695095e-06,0.11969480795610421
4,4,0,1,0,0.34603703703703703,2.5632373113854437e-05,0.1197672633744856
2,4,0,3,2,0.3460740740740741,2.1390946502057747e-05,0.11978865569272977
3,2,0,1,0,0.34611111111111115,1.4567901234568105e-05,0.1198074691358025
4,2,0,1,0,0.3461481481481482,1.2213991769547392e-05,0.11983075445816191
4,2,0,2,1,0.34618518518518515,1.771742112482859e-05,0.11986189986282576
2,4,0,3,1,0.3462962962962963,2.319615912208496e-05,0.11994432098765434
2,2,0,1,0,0.34637037037037044,1.4548696844993213e-05,0.11998698216735258
0,1,0,2,0,0.34637037037037044,1.9829903978052098e-05,0.11999226337448565
4,1,0,2,2,0.3464074074074074,2.1805212620027293e-05,0.12001989711934155
4,4,0,3,1,0.34637037037037044,5.168175582990436e-05,0.1200241152263375
3,0,0,3,1,0.34644444444444444,3.491632373113843e-05,0.12005866941015089
1,0,0,1,0,0.3464814814814814,2.5624142661179857e-05,0.1200750411522633
3,1,0,3,1,0.34659259259259256,2.907544581618642e-05,0.12015550068587104
2,2,0,2,1,0.3466296296296296,1.0965706447188002e-05,0.1201630658436214
4,0,0,3,2,0.3466296296296296,1.428532235939653e-05,0.12016638545953359
3,4,0,3,1,0.3466666666666667,3.794238683127565e-05,0.12021572016460906
2,2,0,3,1,0.34670370370370374,1.970370370370368e-05,0.12022316186556929
2,3,0,3,1,0.3467407407407407,7.539094650205806e-06,0.12023668038408775
3,4,0,1,0,0.3467407407407407,3.2971193415637896e-05,0.12026211248285318
3,1,0,1,0,0.34677777777777785,1.6455418381344364e-05,0.12027128257887522
0,0,0,3,0,0.3468148148148148,1.3297668038408765e-05,0.12029381344307269
3,2,0,3,1,0.34685185185185186,2.8161865569273185e-05,0.12033436899862826
0,3,0,1,0,0.3468888888888888,3.4724279835391053e-05,0.12036662551440323
4,3,0,2,2,0.34692592592592597,2.0844993141289357e-05,0.12037844307270236
1,4,0,1,0,0.3470000000000001,2.2941015089163066e-05,0.12043194101508922
4,2,0,2,2,0.3470000000000001,2.679561042524002e-05,0.12043579561042529
1,3,0,1,0,0.34703703703703703,2.930041152263346e-05,0.12046400548696845
0,2,0,3,0,0.347074074074074,9.182441700960366e-06,0.12046959533607676
2,3,0,1,0,0.3470740740740741,1.8112482853223576e-05,0.1204785253772291
3,0,0,3,2,0.3470740740740741,1.9127572016461123e-05,0.12047954046639232
1,2,0,2,1,0.34703703703703703,5.524005486968416e-05,0.12048994513031551
0,0,0,1,0,0.3471481481481482,1.4329218106995858e-05,0.12052616598079566
3,1,0,2,2,0.3471481481481481,2.0584362139917617e-05,0.1205324211248285
1,1,0,1,0,0.3472222222222222,2.009602194787391e-05,0.12058336762688614
1,4,0,2,2,0.3472222222222221,3.052126200274355e-05,0.12059379286694093
3,2,0,3,2,0.34733333333333327,1.1901234567901402e-05,0.1206523456790123
3,3,0,2,2,0.34733333333333327,2.936351165980795e-05,0.1206698079561042
3,1,0,2,1,0.34737037037037033,1.8469135802469166e-05,0.12068464334705073
1,0,0,3,1,0.3474074074074075,1.4924554183813526e-05,0.12070683127572022
4,1,0,3,2,0.3474074074074075,2.2235939643346933e-05,0.12071414266117976
4,0,0,2,2,0.34744444444444444,1.815363511659814e-05,0.12073579561042524
3,1,0,3,2,0.3474814814814814,6.3319615912209085e-06,0.12074971193415632
0,2,0,1,0,0.3474814814814815,2.9665294924554496e-05,0.12077304526748973
2,2,0,2,2,0.34751851851851845,2.0776406035665294e-05,0.12078989711934152
4,2,0,3,2,0.34751851851851856,2.5934156378600644e-05,0.12079505486968452
0,2,0,2,0,0.34770370370370374,1.2079561042523961e-05,0.12090994513031553
3,0,0,2,2,0.34770370370370374,2.3492455418381288e-05,0.12092135802469138
2,4,0,2,1,0.3477407407407408,3.20219478737995e-05,0.1209556447187929
3,2,0,2,2,0.34777777777777774,1.91906721536351e-05,0.120968573388203
0,3,0,3,0,0.34777777777777774,2.1522633744856084e-05,0.12097090534979421
2,1,0,2,1,0.3478148148148149,1.6480109739368788e-05,0.12099162551440336
2,4,0,1,0,0.3478888888888889,1.6647462277091683e-05,0.12104332647462278
2,0,0,2,2,0.3478888888888888,3.2641975308642186e-05,0.12105932098765426
4,3,0,3,2,0.3478888888888888,3.2943758573388166e-05,0.12105962277091901
2,0,0,1,0,0.34792592592592597,1.444993141289424e-05,0.12106689986282582
3,4,0,3,2,0.34792592592592586,2.0252400548696786e-05,0.12107270233196155
2,3,0,3,2,0.3479629629629629,1.1289437585733995e-05,0.12108951303155004
3,4,0,2,2,0.3480740740740741,1.6030178326474763e-05,0.1211715912208505
1,4,0,2,1,0.3480740740740741,2.1421124828532243e-05,0.12117698216735255
1,4,0,3,2,0.3482962962962963,2.2186556927297882e-05,0.12133249657064475
2,0,0,2,1,0.3483333333333334,9.231824417009596e-06,0.12134534293552815
1,2,0,2,2,0.3483333333333333,2.319615912208521e-05,0.12135930727023315
2,0,0,3,1,0.3483333333333334,2.8408779149519737e-05,0.12136451989026066
2,1,0,3,2,0.3484074074074075,3.384910836762704e-05,0.12142157064471885
4,4,0,3,2,0.34844444444444445,3.895198902606314e-05,0.1214524828532236
0,4,0,1,0,0.3484814814814815,1.523182441700944e-05,0.12145457475994514
2,1,0,2,2,0.3484814814814816,1.8139917695473412e-05,0.12145748285322369
2,0,0,3,2,0.34851851851851856,1.4759945130315472e-05,0.12147991769547327
2,3,0,2,2,0.34862962962962973,2.5796982167352478e-05,0.12156841563786015
4,3,0,1,1,0.34877777777777785,1.2367626886145467e-05,0.12165830589849114
1,1,0,3,1,0.3487407407407408,5.5437585733881934e-05,0.12167554183813448
1,1,0,3,2,0.34885185185185197,3.261179698216717e-05,0.12173022633744864
2,0,0,1,1,0.349,2.1997256515775123e-05,0.12182299725651576
2,2,0,3,2,0.349,2.9541838134430833e-05,0.12183054183813441
1,2,0,3,2,0.34903703703703703,1.3256515775034413e-05,0.121840109739369
4,4,0,2,2,0.3491481481481482,1.6194787379972638e-05,0.12192062414266122
3,3,0,3,2,0.3491481481481481,2.5577503429355202e-05,0.12193000685871053
2,3,0,1,1,0.34918518518518515,1.125651577503436e-05,0.12194155006858709
1,3,0,3,1,0.3493333333333333,1.2408779149519889e-05,0.12204618655692726
1,0,0,2,1,0.3493333333333333,3.8746227709190606e-05,0.12207252400548693
4,2,0,1,1,0.34937037037037033,2.0625514403292325e-05,0.12208028120713303
1,2,0,3,1,0.34937037037037033,6.468587105624141e-05,0.12212434156378597
0,4,0,2,1,0.3494814814814815,2.4230452674897238e-05,0.122161536351166
3,0,0,1,1,0.3495555555555555,2.1297668038408672e-05,0.12221038408779146
1,1,0,2,2,0.34962962962962973,1.337448559670783e-05,0.12225425240054877
4,0,0,1,1,0.3496296296296296,2.0631001371742102e-05,0.12226150891632373
2,1,0,3,1,0.34970370370370374,9.6241426611796e-06,0.12230230452674899
1,1,0,2,1,0.3497407407407407,3.836213991769541e-05,0.12235694787379968
3,0,0,1,2,0.34977777777777774,1.407956104252416e-05,0.12235857338820298
2,4,0,2,2,0.3498148148148148,2.519890260631004e-05,0.12239560356652948
3,3,0,1,1,0.34992592592592586,1.866392318244177e-05,0.122466817558299
0,4,0,2,2,0.34992592592592586,2.3519890260631243e-05,0.12247167352537719
0,3,0,2,2,0.34996296296296303,8.359396433470512e-06,0.1224824348422497
1,3,0,2,1,0.34999999999999987,4.0754458161865715e-05,0.12254075445816176
0,4,0,3,2,0.35011111111111115,1.7758573388203042e-05,0.12259554869684502
1,3,0,1,1,0.35011111111111115,1.8142661179698014e-05,0.12259593278463651
1,4,0,3,1,0.35029629629629633,3.8595336076817504e-05,0.12274609053497945
3,3,0,1,2,0.35037037037037044,9.368998628257994e-06,0.12276876543209882
3,2,0,1,1,0.3504074074074074,1.198079561042523e-05,0.1227973319615912
2,1,0,1,1,0.35037037037037033,3.939643347050789e-05,0.12279879286694098
0,3,0,3,2,0.35037037037037044,4.07681755829906e-05,0.12280016460905355
4,1,0,1,1,0.3504074074074074,2.4710562414266098e-05,0.12281006172839505
0,4,0,3,1,0.3504814814814814,3.341015089163232e-05,0.12287067901234562
1,3,0,2,2,0.3504814814814815,4.05432098765434e-05,0.1228778120713306
0,2,0,2,2,0.35051851851851856,2.757750342935525e-05,0.12289080932784639
1,0,0,1,2,0.3505555555555555,2.386831275720179e-05,0.12291306584362137
3,2,0,1,2,0.35059259259259257,1.3681755829903754e-05,0.12292884773662549
3,1,0,1,2,0.3506296296296296,7.772290809327895e-06,0.12294890946502057
0,3,0,3,1,0.3506666666666667,1.716872427983549e-05,0.12298427983539097
4,1,0,1,2,0.35066666666666657,2.3561042524005547e-05,0.12299067215363504
4,4,0,1,1,0.3508148148148148,1.5481481481481302e-05,0.12308651577503428
1,1,0,1,1,0.3508888888888888,2.616460905349819e-05,0.12314917695473244
2,4,0,1,1,0.3508888888888888,3.4984910836762685e-05,0.12315799725651572
3,1,0,1,1,0.3510000000000001,1.6318244170095935e-05,0.12321731824417016
2,2,0,1,1,0.351074074074074,1.9182441700960205e-05,0.12327218792866934
4,3,0,1,2,0.35111111111111115,2.262002743484223e-05,0.12330163237311388
1,4,0,1,1,0.35118518518518527,2.0282578875171403e-05,0.12335131687242804
1,3,0,3,2,0.3512222222222222,1.768998628257884e-05,0.12337473936899863
1,1,0,1,2,0.3512592592592594,1.9703703703703633e-05,0.1234027709190673
2,3,0,1,2,0.35125925925925927,2.0554183813442782e-05,0.12340362139917696
1,4,0,1,2,0.3512592592592594,2.4861454046639416e-05,0.12340792866941024
3,4,0,1,2,0.35144444444444445,2.48614540466393e-05,0.12353805898491084
2,2,0,1,2,0.3514814814814815,1.9108367626886202e-05,0.12355834019204391
0,2,0,3,2,0.35151851851851856,1.0814814814814713e-05,0.12357608367626889
4,2,0,1,2,0.3515555555555555,1.2669410150891776e-05,0.12360397805212617
0,3,0,1,1,0.3516296296296296,1.7522633744855923e-05,0.12366091906721535
1,0,0,2,2,0.3516296296296296,3.384636488340191e-05,0.1236772427983539
3,3,0,3,3,0.3516666666666667,2.3772290809327854e-05,0.12369321673525378
3,4,0,1,1,0.3517407407407408,2.058436213991768e-05,0.12374213305898495
4,2,0,2,3,0.35177777777777774,1.8252400548696916e-05,0.12376585733882028
4,4,0,1,2,0.3518148148148148,1.549245541838149e-05,0.12378915637860081
4,0,0,1,2,0.35185185185185186,1.8299039780521246e-05,0.12381802469135804
0,3,0,1,2,0.351925925925926,1.74019204389575e-05,0.1238692592592593
1,3,0,2,3,0.3520000000000001,1.2145404663923203e-05,0.12391614540466399
1,2,0,1,1,0.35203703703703704,1.725651577503436e-05,0.12394733196159123
3,4,0,2,3,0.35211111111111115,2.040603566529497e-05,0.12400264060356656
2,1,0,1,2,0.3521481481481481,5.604938271605018e-06,0.12401392318244167
4,3,0,2,3,0.3521481481481482,8.32098765432099e-06,0.12401663923182446
2,0,0,1,2,0.3521481481481482,1.3286694101508984e-05,0.12402160493827165
3,4,0,3,3,0.3521481481481482,1.6661179698216558e-05,0.12402497942386835
4,1,0,2,3,0.3521481481481482,1.834842249657043e-05,0.1240266666666667
2,3,0,2,3,0.35218518518518516,1.6356652949245542e-05,0.12405076131687241
0,0,0,2,2,0.35225925925925927,3.232373113854582e-05,0.12411890946502058
0,2,0,2,1,0.35229629629629633,1.6414266117969707e-05,0.12412909465020579
4,3,0,3,3,0.3522962962962962,2.0337448559670675e-05,0.12413301783264741
0,1,0,1,2,0.35237037037037033,2.5478737997256668e-05,0.12419035665294922
0,1,0,2,2,0.3524814814814816,6.976680384087724e-06,0.12425017146776415
0,2,0,1,2,0.35251851851851856,1.3739368998628363e-05,0.12428304526748973
0,4,0,1,2,0.35251851851851845,3.7319615912208265e-05,0.12430662551440325
2,4,0,3,3,0.3525555555555556,1.7248285322359385e-05,0.12431266803840883
2,4,0,1,2,0.35259259259259257,1.2702331961591358e-05,0.12433423868312755
1,2,0,1,2,0.35259259259259257,3.0164609053498252e-05,0.12435170096021947
0,2,0,1,1,0.3526296296296296,1.3887517146776526e-05,0.12436154320987654
0,3,0,2,1,0.3526666666666667,8.82853223593961e-06,0.12438260631001373
0,0,0,1,1,0.3527407407407408,2.4710562414266125e-05,0.12445074074074078
1,3,0,1,2,0.3528148148148148,1.8578875171467764e-05,0.12449687242798353
3,1,0,3,3,0.3528148148148149,1.9731138545953462e-05,0.1244980246913581
2,1,0,3,3,0.3528148148148148,3.7879286694101355e-05,0.12451617283950617
4,4,0,3,3,0.35285185185185186,1.2696844993141332e-05,0.12451712620027434
1,0,0,3,2,0.3528888888888889,2.6551440329218014e-05,0.12455711934156381
3,2,0,3,3,0.35292592592592587,2.2694101508916388e-05,0.12457940329218102
1,0,0,1,1,0.35292592592592587,2.9758573388202904e-05,0.12458646776406031
3,3,0,2,3,0.353,2.6548696844993168e-05,0.12463554869684498
4,0,0,3,3,0.35303703703703704,1.9541838134430824e-05,0.12465469135802469
2,3,0,3,3,0.3531481481481482,6.131687242798232e-06,0.12471974622770923
3,2,0,2,3,0.35318518518518516,2.125377229080926e-05,0.12476102880658435
4,4,0,2,3,0.3532222222222222,2.096844993141294e-05,0.12478690672153635
4,1,0,3,3,0.35325925925925916,1.6990397805212618e-05,0.12480909465020569
1,4,0,2,3,0.3533333333333333,1.0041152263374558e-05,0.12485448559670778
1,0,0,2,3,0.35337037037037045,1.3764060356652973e-05,0.12488438271604943
1,2,0,1,3,0.3534074074074074,2.845816186556933e-05,0.1249252537722908
3,1,0,2,3,0.35344444444444445,6.043895747599461e-06,0.12492901920438958
0,0,0,1,2,0.35344444444444445,6.866941015089143e-06,0.12492984224965707
2,0,0,3,3,0.35344444444444445,1.8622770919067237e-05,0.12494159807956104
3,0,0,2,3,0.35344444444444445,2.6373113854595148e-05,0.12494934842249657
0,4,0,2,3,0.3534814814814815,3.451851851851851e-05,0.12498367626886148
4,2,0,3,3,0.35351851851851845,1.9396433470507544e-05,0.12499473936899859
2,4,0,2,3,0.35359259259259257,9.829903978052206e-06,0.1250375514403292
4,2,0,1,3,0.35359259259259257,2.6565157750343083e-05,0.12505428669410149
0,1,0,1,1,0.3535925925925927,3.157201646090528e-05,0.12505929355281212
0,4,0,1,1,0.3538148148148148,2.567352537722891e-05,0.12521059670781892
1,3,0,3,3,0.35385185185185186,1.900411522633766e-05,0.12523013717421128
0,1,0,3,2,0.35385185185185186,2.8935528120713434e-05,0.12524006858710565
4,0,0,2,3,0.35392592592592587,2.1939643347050764e-05,0.125285500685871
0,3,0,2,3,0.35411111111111104,1.0032921810699522e-05,0.12540471193415634
3,0,0,3,3,0.35411111111111104,3.4532235939643e-05,0.12542921124828527
0,1,0,2,1,0.3541481481481481,1.542661179698205e-05,0.12543633744855964
1,1,0,1,3,0.35418518518518516,2.324554183813422e-05,0.12547039094650203
3,3,0,1,3,0.3542592592592593,3.031550068587143e-05,0.12552993827160497
0,0,0,2,1,0.3542592592592593,3.377229080932764e-05,0.12553339506172842
2,2,0,3,3,0.3543333333333333,8.0329218106996e-06,0.12556014403292176
4,4,0,1,3,0.3543333333333333,2.8732510288065745e-05,0.12558084362139912
4,3,0,1,3,0.3544814814814815,3.6150891632373076e-05,0.1256932716049383
2,4,0,1,3,0.35462962962962974,3.0727023319615864e-05,0.12579290123456796
3,2,0,1,3,0.35462962962962963,4.1111111111111055e-05,0.12580328532235938
1,0,0,1,3,0.35462962962962963,4.437585733882017e-05,0.1258065500685871
3,0,0,1,3,0.35470370370370374,1.688065843621385e-05,0.12583159807956107
0,0,0,3,2,0.35477777777777786,1.200823045267482e-05,0.125879279835391
3,1,0,1,3,0.3547407407407407,4.362962962962964e-05,0.12588462277091905
4,1,0,1,3,0.35477777777777775,2.5149519890260707e-05,0.1258924211248285
2,2,0,2,3,0.35477777777777786,3.7097393689986455e-05,0.1259043689986283
1,4,0,3,3,0.3548148148148149,1.21536351165981e-05,0.125905706447188
4,0,0,1,3,0.3548148148148147,2.829903978052125e-05,0.12592185185185176
0,1,0,3,1,0.35485185185185186,2.4463648834019304e-05,0.12594430041152263
2,3,0,1,3,0.35485185185185186,5.213168724279868e-05,0.12597196844993142
2,2,0,1,3,0.3548888888888889,3.918518518518522e-05,0.12598530864197535
2,0,0,2,3,0.355,1.2290809327846273e-05,0.12603729080932785
0,2,0,1,3,0.3550740740740741,3.0543209876543156e-05,0.12610814128943762
1,1,0,2,3,0.3552222222222222,1.7001371742112555e-05,0.12619982853223594
3,4,0,1,3,0.3553333333333334,3.032098765432096e-05,0.12629209876543213
0,3,0,3,3,0.3554814814814815,2.5733882030178867e-06,0.12636965706447192
2,1,0,1,3,0.35544444444444445,3.561865569272952e-05,0.1263763717421125
2,1,0,2,3,0.35551851851851857,3.2844993141289306e-05,0.1264262620027435
0,2,0,3,1,0.35570370370370374,6.521810699588494e-05,0.12659034293552815
0,1,0,1,3,0.3558148148148148,3.301234567901221e-05,0.12663719478737998
2,0,0,1,3,0.3558148148148148,4.393141289437593e-05,0.12664811385459535
1,4,0,1,3,0.3560000000000001,2.7566529492455408e-05,0.12676356652949253
0,3,0,1,3,0.35611111111111116,1.9547325102880642e-05,0.12683467078189303
0,4,0,3,3,0.3562222222222222,1.82661179698215e-05,0.1269125377229081
0,0,0,1,3,0.3562592592592593,1.7577503429355137e-05,0.12693823731138545
1,3,0,1,3,0.3562592592592593,3.1418381344307426e-05,0.1269520781893004
0,2,0,3,3,0.3564814814814815,1.1303155006858728e-05,0.1270903497942387
1,2,0,2,3,0.35662962962962963,1.2117969821673531e-05,0.12719681069958846
1,2,0,3,3,0.35685185185185175,1.7352537722908165e-05,0.12736059670781888
1,1,0,3,3,0.35685185185185186,2.8957475994513255e-05,0.12737220164609056
0,0,0,3,1,0.3572592592592593,1.626063100137178e-05,0.12765043895747602
0,2,0,2,3,0.35737037037037045,1.4285322359396473e-05,0.12772786694101515
1,0,0,3,3,0.3576666666666667,1.5193415637860045e-05,0.1279406378600823
0,1,0,3,3,0.35896296296296293,1.9541838134430834e-05,0.12887395061728393
0,4,0,1,3,0.35892592592592587,6.0883401920438845e-05,0.12888870370370364
0,0,0,3,3,0.35962962962962963,1.5788751714677727e-05,0.12934925925925927
0,0,0,2,3,0.35977777777777786,2.0787379972565076e-05,0.12946083676268869
0,1,0,2,3,0.3602592592592593,3.6139917695473284e-05,0.12982287379972565
2,3,0,0,1,0.36229629629629634,1.3231824417009472e-05,0.13127183813443075
1,0,0,0,1,0.3624814814814814,1.442524005486949e-05,0.13140724965706443
3,3,0,0,1,0.3629999999999999,1.8373113854595255e-05,0.13178737311385452
4,2,0,0,1,0.36311111111111105,2.5039780521262045e-05,0.13187471879286689
4,4,0,0,1,0.3631481481481481,3.244170096021937e-05,0.13190901920438955
0,3,0,0,1,0.36318518518518517,2.3229080932784682e-05,0.13192670781893
4,3,0,0,1,0.36344444444444446,1.316323731138551e-05,0.13210502743484226
4,1,0,0,1,0.36344444444444446,2.2998628257887706e-05,0.13211486282578877
4,0,0,0,1,0.3634814814814814,1.626063100137166e-05,0.1321350480109739
3,2,0,0,1,0.3636666666666667,2.084224965706429e-05,0.13227428669410152
3,0,0,0,1,0.3638148148148148,1.5975308641975335e-05,0.13237719478737997
2,0,0,0,1,0.3638148148148148,1.5975308641975342e-05,0.13237719478737997
1,2,0,0,1,0.36396296296296293,2.181893004115212e-05,0.1324908573388203
2,2,0,0,1,0.36396296296296304,2.65102880658435e-05,0.13249554869684507
3,1,0,0,1,0.364,1.6565157750343056e-05,0.13251256515775034
1,4,0,0,1,0.36403703703703694,9.950617283950586e-06,0.13253291495198896
4,4,0,3,4,0.36403703703703705,3.170644718792833e-05,0.132554670781893
3,4,0,2,4,0.36403703703703694,3.3722908093278484e-05,0.1325566872427983
1,1,0,0,1,0.3641481481481481,2.314951989026064e-05,0.1326270233196159
2,1,0,0,1,0.3642592592592593,3.552812071330562e-05,0.13272033607681757
4,4,0,2,4,0.3642592592592593,3.946502057613181e-05,0.1327242729766804
3,4,0,0,1,0.3643333333333333,2.630452674897116e-05,0.13276508230452672
1,4,0,0,2,0.36444444444444446,2.7503429355281123e-05,0.13284725651577506
2,3,0,0,2,0.3645555555555555,2.297119341563781e-05,0.13292372427983534
3,3,0,2,4,0.3645925925925926,3.8400548696844814e-05,0.13296615912208504
4,1,0,0,2,0.3647407407407408,1.9212620027434843e-05,0.13305502057613175
2,4,0,0,1,0.3647407407407408,1.9679012345678945e-05,0.13305548696845
0,3,0,0,2,0.3647407407407407,2.4041152263374586e-05,0.1330598491083676
2,0,0,0,2,0.364925925925926,8.99314128943761e-06,0.13317992455418387
3,2,0,0,2,0.3650740740740741,2.1407407407407486e-05,0.13330048696844995
1,3,0,0,1,0.3651481481481482,5.149519890260725e-06,0.13333831961591225
3,0,0,0,2,0.3651481481481482,1.0759945130315397e-05,0.1333439300411523
3,4,0,0,2,0.3651481481481482,2.100685871056232e-05,0.13335417695473256
2,4,0,3,4,0.3651481481481482,2.5245541838134378e-05,0.13335841563786013
4,2,0,0,2,0.36529629629629634,1.9102880658436218e-05,0.13346048696844995
2,3,0,3,4,0.36529629629629623,2.06117969821676e-05,0.13346199588477362
1,4,0,2,4,0.3654814814814815,2.1023319615912463e-05,0.13359773662551444
3,3,0,0,2,0.36551851851851846,1.4353909465020769e-05,0.13361814128943755
3,4,0,3,4,0.3654814814814815,5.013168724279837e-05,0.1336268449931413
4,3,0,3,4,0.36555555555555563,2.8696844993141316e-05,0.13365956104252408
4,3,0,0,2,0.3655925925925927,2.2543209876543198e-05,0.13368048696845
1,1,0,0,2,0.3656666666666666,2.8060356652949316e-05,0.133740171467764
3,4,0,0,3,0.3656666666666666,2.893827160493831e-05,0.133741049382716
2,2,0,0,2,0.36570370370370375,2.1294924554183836e-05,0.13376049382716054
2,0,0,0,3,0.36570370370370375,2.4422496570644712e-05,0.133763621399177
3,0,0,0,3,0.36570370370370375,2.9155006858710585e-05,0.13376835390946507
1,3,0,0,2,0.36570370370370375,3.5135802469135536e-05,0.1337743347050755
2,1,0,1,4,0.36570370370370375,4.4024691358024646e-05,0.13378322359396438
0,4,0,3,4,0.36570370370370375,4.638408779149537e-05,0.13378558299039786
2,3,0,2,4,0.36570370370370375,5.409327846364921e-05,0.13379329218107
2,2,0,1,4,0.36577777777777776,3.506721536351177e-05,0.13382844993141288
2,4,0,2,4,0.36577777777777776,5.210425240054897e-05,0.13384548696844992
3,3,0,3,4,0.3658148148148148,3.0172839506173032e-05,0.13385065157750345
0,2,0,0,0,0.3658888888888888,4.263923182441726e-05,0.13391731824417002
4,4,0,0,2,0.3659259259259259,1.925925925925904e-05,0.13392104252400544
4,0,0,0,2,0.36596296296296293,1.3873799725651591e-05,0.13394276406035663
0,4,0,0,2,0.36596296296296305,1.4340192043895631e-05,0.13394323045267495
0,1,0,0,2,0.366,1.0351165980795665e-05,0.1339663511659808
1,3,0,3,4,0.36596296296296293,4.641152263374516e-05,0.13397530178326472
3,4,0,1,4,0.366,3.405486968449888e-05,0.1339900548696845
3,1,0,0,2,0.36603703703703705,2.321810699588494e-05,0.13400633058984912
0,4,0,0,1,0.36611111111111116,1.7517146776406105e-05,0.1340548628257888
1,3,0,0,3,0.36611111111111105,2.875171467764053e-05,0.13406609739368994
1,0,0,0,2,0.3661481481481481,2.4998628257887615e-05,0.13408946502057612
3,0,0,1,4,0.3661481481481481,2.8688614540466557e-05,0.1340931550068587
4,2,0,0,3,0.36629629629629634,2.941015089163225e-05,0.13420238683127575
0,3,0,0,3,0.3663333333333333,3.015637860082314e-05,0.1342302674897119
1,0,0,0,3,0.36637037037037035,1.0762688614540501e-05,0.1342380109739369
3,1,0,0,3,0.36637037037037046,1.2491083676269011e-05,0.1342397393689987
3,2,0,0,3,0.36637037037037046,2.088614540466384e-05,0.13424813443072708
4,0,0,1,4,0.3664074074074074,3.468587105624132e-05,0.13428907407407406
1,4,0,0,3,0.36644444444444446,2.9058984910836453e-05,0.1343105898491084
0,2,0,0,1,0.36644444444444446,3.543758573388199e-05,0.13431696844993143
2,3,0,1,4,0.3664814814814814,2.7832647462277047e-05,0.13433650891632368
2,4,0,0,3,0.3664814814814814,2.825788751714663e-05,0.13433693415637854
4,3,0,0,3,0.36651851851851835,1.8551440329218047e-05,0.1343543758573387
1,3,0,1,4,0.3664814814814815,5.853223593964334e-05,0.13436720850480113
2,1,0,0,3,0.36651851851851847,3.207681755829906e-05,0.13436790123456785
4,4,0,0,3,0.3665555555555555,1.4342935528120698e-05,0.13437731824417007
1,4,0,1,4,0.36651851851851847,5.014266117969844e-05,0.13438596707818926
0,1,0,0,1,0.3665925925925926,1.0584362139917592e-05,0.13440071330589848
2,4,0,1,4,0.3665555555555555,4.838957475994542e-05,0.13441136488340188
1,2,0,1,4,0.3665925925925926,4.980246913580249e-05,0.13443993141289437
4,0,0,0,3,0.3666666666666667,1.919067215363499e-05,0.13446363511659812
1,2,0,0,2,0.3666666666666667,2.2400548696844707e-05,0.13446684499314132
0,4,0,0,0,0.3666666666666667,3.3264746227709276e-05,0.13447770919067217
0,3,0,1,4,0.36670370370370375,4.263923182441702e-05,0.13451424554183816
1,1,0,0,3,0.3667407407407407,1.9212620027434836e-05,0.1345179835390946
2,4,0,0,2,0.36677777777777776,2.3080932784636454e-05,0.13454901920438955
1,0,0,0,0,0.36677777777777787,2.633196159122101e-05,0.13455227023319621
1,0,0,1,4,0.3667407407407408,5.5165980795610416e-05,0.13455393689986286
1,2,0,0,3,0.36677777777777776,3.556378600823064e-05,0.13456150205761314
4,1,0,1,4,0.36677777777777776,4.133882030178344e-05,0.1345672770919067
3,1,0,1,4,0.3668148148148148,2.482030178326479e-05,0.13457792866941015
0,2,0,0,3,0.3668518518518519,1.759945130315502e-05,0.13459788065843625
3,3,0,0,3,0.3668888888888888,2.0663923182441512e-05,0.13462812071330585
4,3,0,2,4,0.3669259259259259,3.276543209876572e-05,0.1346674005486968
2,2,0,0,0,0.366925925925926,3.534430727023339e-05,0.13466997942386835
4,4,0,1,4,0.367,4.018381344307267e-05,0.13472918381344307
2,0,0,0,0,0.36703703703703705,2.124828532235948e-05,0.13473743484224965
4,1,0,0,3,0.36703703703703705,2.2208504801097426e-05,0.13473839506172838
3,4,0,0,0,0.36703703703703705,3.57338820301785e-05,0.13475192043895748
3,3,0,1,4,0.36703703703703705,3.784636488340172e-05,0.1347540329218107
4,2,0,0,0,0.3670740740740741,2.995061728395082e-05,0.13477332647462278
1,4,0,3,4,0.36711111111111117,3.244993141289457e-05,0.13480301783264748
3,2,0,1,4,0.36711111111111117,3.710013717421115e-05,0.1348076680384088
3,2,0,0,0,0.36711111111111117,3.913031550068597e-05,0.13480969821673527
3,0,0,2,4,0.3671481481481481,3.646913580246924e-05,0.13483423182441698
4,3,0,0,0,0.3672222222222222,3.226337448559676e-05,0.13488442386831276
3,1,0,2,4,0.3672222222222222,3.578875171467758e-05,0.13488794924554184
3,2,0,2,4,0.3672222222222221,4.368998628257864e-05,0.13489585048010966
0,4,0,0,3,0.36729629629629623,3.7237311385459575e-05,0.1349438065843621
0,2,0,0,2,0.3673333333333334,2.1187928669410136e-05,0.13495496570644722
0,4,0,2,4,0.3673333333333334,4.010425240054868e-05,0.13497388203017838
1,1,0,1,4,0.36737037037037035,2.3133058984910886e-05,0.13498412208504798
4,2,0,1,4,0.36737037037037035,3.674074074074058e-05,0.13499772976680383
3,0,0,0,0,0.36737037037037035,4.4737997256515725e-05,0.1350057270233196
0,0,0,0,0,0.3674074074074074,3.456790123456802e-05,0.13502277091906723
1,4,0,0,0,0.36744444444444446,3.1871056241426684e-05,0.13504729080932784
4,3,0,1,4,0.36744444444444446,3.2364883401920426e-05,0.13504778463648834
2,4,0,0,0,0.36744444444444446,3.689163237311405e-05,0.13505231138545953
4,2,0,2,4,0.36744444444444446,4.055418381344288e-05,0.13505597393689986
0,0,0,0,2,0.36748148148148163,1.7868312757201613e-05,0.13506050754458174
0,1,0,1,4,0.36744444444444446,4.580795610425232e-05,0.13506122770919068
4,0,0,0,0,0.3674814814814815,2.8471879286694073e-05,0.13507111111111114
3,3,0,0,0,0.3674814814814814,3.0364883401920615e-05,0.13507300411522627
1,3,0,0,0,0.3675185185185186,4.0227709190672204e-05,0.13511008916323736
0,0,0,0,3,0.3675925925925926,4.069958847736592e-05,0.1351650137174211
1,2,0,0,0,0.36762962962962964,2.8949245541838364e-05,0.1351804938271605
2,1,0,0,2,0.36770370370370364,1.6469135802469128e-05,0.13522248285322355
2,2,0,2,4,0.36770370370370364,2.9775034293552964e-05,0.13523578875171463
0,3,0,0,0,0.36770370370370364,3.039231824417012e-05,0.13523640603566525
0,4,0,1,4,0.36770370370370364,4.5632373113854537e-05,0.13525164609053494
3,2,0,3,4,0.3677407407407407,2.862002743484224e-05,0.13526187242798351
1,1,0,0,0,0.3677407407407408,3.095198902606317e-05,0.13526420438957482
4,4,0,0,0,0.36777777777777776,3.6447187928669546e-05,0.13529694101508916
2,3,0,0,3,0.3678518518518519,2.3821673525377243e-05,0.13533880658436215
2,2,0,0,3,0.36788888888888893,2.4973936899862785e-05,0.13536720850480113
2,1,0,0,0,0.367925925925926,2.8496570644719e-05,0.13539798353909469
2,3,0,0,0,0.367925925925926,3.3174211248285294e-05,0.13540266117969826
3,1,0,0,0,0.36796296296296294,2.33882030178328e-05,0.13542013031550068
2,0,0,1,4,0.36796296296296294,3.610425240054866e-05,0.1354328463648834
2,1,0,2,4,0.3680000000000001,2.3558299039780572e-05,0.13544755829903984
1,3,0,2,4,0.36803703703703705,3.4027434842249595e-05,0.13548528806584362
2,0,0,2,4,0.36803703703703705,3.6524005486968394e-05,0.13548778463648836
0,2,0,1,4,0.36811111111111106,2.8345679012345625e-05,0.13553413580246912
0,2,0,2,4,0.3683333333333334,3.7187928669410043e-05,0.1357066323731139
0,0,0,0,1,0.3684074074074075,2.135253772290787e-05,0.13574537037037043
0,3,0,3,4,0.36844444444444446,2.6537722908093427e-05,0.1357778463648834
0,1,0,0,3,0.36844444444444446,2.7017832647462286e-05,0.1357783264746228
0,1,0,0,0,0.36844444444444446,3.03237311385458e-05,0.13578163237311386
4,0,0,2,4,0.36844444444444435,3.808779149519888e-05,0.13578939643347043
4,1,0,2,4,0.3684814814814814,4.0074074074074304e-05,0.1358186762688614
4,1,0,0,0,0.3686666666666666,2.8441700960219194e-05,0.13594355281207127
4,2,0,3,4,0.36881481481481493,4.137997256515781e-05,0.13606574759945136
4,0,0,3,4,0.3688518518518519,3.1679012345679146e-05,0.13608336762688616
3,1,0,3,4,0.36918518518518517,1.866392318244167e-05,0.13631636488340193
4,1,0,3,4,0.3692592592592593,2.994513031550062e-05,0.1363823456790124
2,2,0,3,4,0.36937037037037035,3.151714677640637e-05,0.13646598765432097
1,2,0,2,4,0.3694074074074074,3.6576131687242894e-05,0.13649840877914954
0,3,0,2,4,0.36962962962962964,5.6858710562414304e-05,0.1366829218106996
0,0,0,1,4,0.3697407407407407,4.4905349794238806e-05,0.13675312071330586
1,1,0,2,4,0.36988888888888893,2.3958847736625693e-05,0.13684174897119344
3,0,0,3,4,0.3703333333333333,4.298216735253777e-05,0.1371897599451303
1,0,0,2,4,0.3704074074074075,2.9456790123456887e-05,0.13723110425240062
2,0,0,3,4,0.3705555555555555,5.644718792866914e-05,0.13736786694101505
0,1,0,2,4,0.3712592592592593,1.834567901234572e-05,0.13785178326474626
1,0,0,3,4,0.37129629629629624,3.294924554183822e-05,0.13789388888888884
2,1,0,3,4,0.37155555555555553,2.966529492455408e-05,0.13808319615912204
1,2,0,3,4,0.3716666666666666,4.085048010973924e-05,0.13817696159122078
0,2,0,3,4,0.3722592592592593,2.598628257887527e-05,0.1386029423868313
1,1,0,3,4,0.37270370370370376,1.564609053497932e-05,0.13892369684499317
0,0,0,0,4,0.37377777777777776,5.098216735253782e-05,0.13976080932784635
0,0,0,3,4,0.374,3.205212620027402e-05,0.13990805212620028
3,1,0,0,4,0.3742592592592593,4.5596707818929806e-05,0.14011558984910838
3,0,0,0,4,0.3743333333333332,3.945953360768178e-05,0.140164903978052
3,3,0,0,4,0.3744074074074073,4.1994513031549756e-05,0.14022290123456782
4,0,0,0,4,0.3745185185185186,4.5934156378600964e-05,0.14031005486968454
0,1,0,0,4,0.37462962962962965,4.29766803840877e-05,0.14039033607681756
4,1,0,0,4,0.3746666666666666,3.800274348422524e-05,0.1404131138545953
1,1,0,0,4,0.3746666666666667,3.820850480109718e-05,0.14041331961591225
0,1,0,3,4,0.3748148148148147,1.3607681755830069e-05,0.14049975308641965
0,0,0,2,4,0.37477777777777777,4.241975308641964e-05,0.1405008024691358
2,2,0,0,4,0.37488888888888894,3.825240054869729e-05,0.1405799314128944
1,0,0,0,4,0.375,6.377229080932788e-05,0.14068877229080934
2,1,0,0,4,0.37503703703703706,3.675445816186517e-05,0.14068953360768177
2,0,0,0,4,0.37503703703703706,3.823593964334683e-05,0.14069101508916326
3,2,0,0,4,0.37503703703703706,4.080109739369033e-05,0.14069358024691359
4,4,0,0,4,0.3751481481481481,4.01838134430729e-05,0.14077631687242795
1,2,0,0,4,0.37514814814814823,5.5094650205761063e-05,0.14079122770919072
4,2,0,0,4,0.3751851851851852,3.598079561042512e-05,0.14079990397805212
2,4,0,0,4,0.3751851851851852,5.3017832647462376e-05,0.14081694101508915
1,3,0,0,4,0.37537037037037035,4.629629629629636e-05,0.1409492112482853
4,3,0,0,4,0.3754074074074074,3.388751714677631e-05,0.14096460905349795
1,4,0,0,4,0.3754814814814815,3.08998628257889e-05,0.14101724279835393
2,3,0,0,4,0.3755925925925926,4.726200274348425e-05,0.14111705761316873
3,4,0,0,4,0.3758518518518519,3.438408779149524e-05,0.1412989986282579
0,2,0,0,4,0.376,5.5097393689986215e-05,0.14143109739368998
0,3,0,0,4,0.37614814814814823,6.014266117969793e-05,0.14154757201646098
0,4,0,0,4,0.3762592592592593,4.487517146776432e-05,0.14161590534979426
